{
  "name": "cobblemon:gt_rock",
  "order": 0,
  "variations": [
    {
      "aspects": ["male"],
      "poser": "cobblemon:standard",
      "model": "cobblemon:steve.geo",
      "texture": "cobbletrainers:textures/npcs/gym_trainer/gym_trainer_m.png",
      "layers": []
    },
    {
      "aspects": ["female"],
      "poser": "cobblemon:standard",
      "model": "cobblemon:alex.geo",
      "texture": "cobbletrainers:textures/npcs/gym_trainer/gym_trainer_f.png",
      "layers": []
    }
  ]
}