{
  "name": "cobblemon:rocket_grunt",
  "order": 0,
  "variations": [
    {
      "aspects": [],
      "poser": "cobblemon:standard",
      "model": "cobbletrainers:grunt_m.geo",
      "texture": "cobbletrainers:textures/npcs/evil_team/team_rocket/grunt_m.png",
      "layers": []
    },
    {
      "aspects": ["female"],
      "poser": "cobblemon:standard",
      "model": "cobbletrainers:grunt_f.geo",
      "texture": "cobbletrainers:textures/npcs/evil_team/team_rocket/grunt_f.png",
      "layers": []
    }
  ]
}