{
	"format_version": "1.12.0",
	"minecraft:geometry": [
		{
			"description": {
				"identifier": "geometry.trainer",
				"texture_width": 64,
				"texture_height": 128,
				"visible_bounds_width": 3,
				"visible_bounds_height": 3.5,
				"visible_bounds_offset": [0, 1.25, 0]
			},
			"bones": [
				{
					"name": "trainer",
					"pivot": [0, 0, 0]
				},
				{
					"name": "body",
					"parent": "trainer",
					"pivot": [0, 0, 0]
				},
				{
					"name": "torso",
					"parent": "body",
					"pivot": [0, 12, 0],
					"cubes": [
						{"origin": [-4, 12, -2], "size": [8, 12, 4], "uv": [16, 16]},
						{"origin": [-4, 12, -2], "size": [8, 12, 4], "inflate": 0.25, "uv": [16, 32]}
					]
				},
				{
					"name": "head",
					"parent": "torso",
					"pivot": [0, 24, 0],
					"cubes": [
						{"origin": [-4, 24, -4], "size": [8, 8, 8], "inflate": 0.01, "uv": [0, 0]},
						{"origin": [-4, 24, -4], "size": [8, 8, 8], "inflate": 0.5, "uv": [32, 0]}
					]
				},
				{
					"name": "eyes",
					"parent": "head",
					"pivot": [0, 24, 0]
				},
				{
					"name": "eyelid_right",
					"parent": "eyes",
					"pivot": [-2, 27.5, -3.41],
					"cubes": [
						{"origin": [-4, 27, -3.91], "size": [3, 1, 1], "inflate": 0.02, "uv": [0, 2]}
					]
				},
				{
					"name": "eyelid_left",
					"parent": "eyes",
					"pivot": [2, 27.5, -3.41],
					"cubes": [
						{"origin": [1, 27, -3.91], "size": [3, 1, 1], "inflate": 0.02, "uv": [0, 0]}
					]
				},
				{
					"name": "mouth",
					"parent": "head",
					"pivot": [0, 25.5, -3.41],
					"cubes": [
						{"origin": [-1, 25, -3.91], "size": [2, 1, 1], "inflate": 0.015, "uv": [0, 4]}
					]
				},
				{
					"name": "arm_ball",
					"parent": "torso",
					"pivot": [-5, 22, 0]
				},
				{
					"name": "arm_right",
					"parent": "arm_ball",
					"pivot": [-5, 22, 0],
					"cubes": [
						{"origin": [-8, 12, -2], "size": [4, 12, 4], "uv": [40, 16]},
						{"origin": [-8, 12, -2], "size": [4, 12, 4], "inflate": 0.25, "uv": [40, 32]}
					]
				},
				{
					"name": "pokeball",
					"parent": "arm_ball",
					"pivot": [-6, 12, 0],
					"cubes": [
						{"origin": [-8, 8, -2], "size": [4, 2, 4], "pivot": [-6, 10, 0], "rotation": [90, 0, 0], "uv": [0, 122]}
					],
					"locators": {
						"beam": [-6, 8, 0]
					}
				},
				{
					"name": "pokeball_lid",
					"parent": "pokeball",
					"pivot": [-6, 10, 0],
					"rotation": [90, 0, 0],
					"cubes": [
						{"origin": [-6.5, 9.5, -2.02], "size": [1, 1, 0], "uv": [0, 123]},
						{"origin": [-7, 9, -2.01], "size": [2, 2, 0], "uv": [0, 124]},
						{"origin": [-8, 10, -2], "size": [4, 2, 4], "uv": [0, 116]},
						{"origin": [-8, 9.5, -2], "size": [4, 1, 4], "inflate": 0.01, "uv": [0, 111]}
					]
				},
				{
					"name": "arm_left",
					"parent": "torso",
					"pivot": [5, 22, 0],
					"cubes": [
						{"origin": [4, 12, -2], "size": [4, 12, 4], "uv": [32, 48]},
						{"origin": [4, 12, -2], "size": [4, 12, 4], "inflate": 0.25, "uv": [48, 48]}
					]
				},
				{
					"name": "leg_right",
					"parent": "body",
					"pivot": [-1.9, 12, 0],
					"cubes": [
						{"origin": [-4, 0, -2], "size": [4, 12, 4], "uv": [0, 16]},
						{"origin": [-4, 0, -2], "size": [4, 12, 4], "inflate": 0.25, "uv": [0, 32]}
					]
				},
				{
					"name": "leg_left",
					"parent": "body",
					"pivot": [1.9, 12, 0],
					"cubes": [
						{"origin": [0, 0, -2], "size": [4, 12, 4], "uv": [16, 48]},
						{"origin": [0, 0, -2], "size": [4, 12, 4], "inflate": 0.25, "uv": [0, 48]}
					]
				}
			]
		}
	]
}