{
    "portraitScale": 2.5,
    "portraitTranslation": [0.1, -2.3, 0.0],
    "profileScale": 1.0,
    "profileTranslation": [0.0, 0.0, 0.0],
    "animations": {
      "open": "q.bedrock_primary('npc_pokeball', 'open', q.curve('symmetrical_wide'))"
    },
    "poses": {
      "standing": {
        "poseTypes": ["STAND", "WALK", "FLOAT", "SWIM", "PORTRAIT", "PROFILE"],
        "condition": "q.in_battle() == false",
        "animations": [
          "q.look('ball')",
          "q.bedrock('npc_pokeball', 'idle')"
        ]
      }
    }
  }