{
	"format_version": "1.8.0",
	"animations": {
		"animation.gardenia.idle": {
			"loop": true,
			"bones": {
				"arm_left": {
					"rotation": [
						"math.r2d(-math.cos(v.limb_swing * 38.17) * v.limb_swing_amount - math.sin(v.age_in_ticks * 5.16) * 0.05)",
						0,
						"-math.r2d(math.cos(v.age_in_ticks * 5.16) * 0.05 + 0.05)"
					]
				},
				"arm_right": {
					"rotation": [
						"math.r2d(math.cos(v.limb_swing * 38.17) * v.limb_swing_amount + math.sin(v.age_in_ticks * 5.16) * 0.05)",
						0,
						"math.r2d(math.cos(v.age_in_ticks * 5.16) * 0.05 + 0.05)"
					]
				},
				"pokeball": {
					"scale": 0
				},
				"leg_right": {
					"rotation": ["math.r2d(math.cos(v.limb_swing * 38.17 + 180) * v.limb_swing_amount * 1.4)", 0, 0]
				},
				"leg_left": {
					"rotation": ["math.r2d(math.cos(v.limb_swing * 38.17) * v.limb_swing_amount * 1.4)", 0, 0]
				}
			}
		},
		"animation.gardenia.idle_battle": {
			"loop": true,
			"bones": {
				"arm_right": {
					"rotation": [
						"3+2*math.clamp(math.sin(q.anim_time*90*1)*1+1,0,1)-2*math.clamp(-math.sin(q.anim_time*90*1)*1+1,0,1)",
						0,
						"3.5+2*(math.sin(q.anim_time*90*1-90)*1+1)"
					],
					"position": [0, 0.1, 0]
				},
				"torso": {
					"rotation": [1, 0, 0],
					"position": [0, "0.01*(math.sin(q.anim_time*90*1-90)*1+1)", 0]
				},
				"head": {
					"rotation": [-1, 0, 0]
				},
				"arm_left": {
					"rotation": [
						"3-2*math.clamp(math.sin(q.anim_time*90*1)*1+1,0,1)+2*math.clamp(-math.sin(q.anim_time*90*1)*1+1,0,1)",
						0,
						"-3.5-2*(math.sin(q.anim_time*90*1-90)*1+1)"
					],
					"position": [0, 0.1, 0]
				},
				"leg_right": {
					"rotation": [0, 8, 0.5],
					"position": [-0.2, 0, 0]
				},
				"leg_left": {
					"rotation": [0, -8, -0.5],
					"position": [0.2, 0, 0]
				},
				"pokeball": {
					"scale": 0
				}
			}
		},
		"animation.gardenia.battle_intro": {
			"animation_length": 3,
			"bones": {
				"torso": {
					"rotation": {
						"0.1667": [0, 0, 0],
						"0.4583": [0, 0, 0],
						"0.875": [1.55, -15, 0],
						"0.9583": [1.5, -15, 0]
					},
					"position": {
						"0.1667": [0, 0, 0],
						"0.3333": {
							"pre": [0, 0, 0.2],
							"post": [0, 0, 0.2],
							"lerp_mode": "catmullrom"
						},
						"0.5": {
							"post": [0, 0, 0.25],
							"lerp_mode": "catmullrom"
						},
						"0.875": [0, 0, -1.8],
						"0.9583": [0, 0, -1.7]
					}
				},
				"head": {
					"rotation": {
						"0.1667": [0, 0, 0],
						"0.875": [-1.5, 15, 0]
					}
				},
				"arm_ball": {
					"rotation": {
						"0.0833": [0, 0, 0],
						"0.4167": {
							"pre": [14.7, 2.4, -17.4],
							"post": [14.7, 2.4, -17.4],
							"lerp_mode": "catmullrom"
						},
						"0.625": {
							"post": [5, 2.4, -5.4],
							"lerp_mode": "catmullrom"
						},
						"0.875": [-92.5, 15, 0],
						"0.9583": [-92, 15, 0]
					}
				},
				"arm_left": {
					"rotation": {
						"0.0833": [0, 0, 0],
						"0.875": [7.5, 0, -7.5],
						"0.9583": [7.5, 0, -7.5]
					}
				},
				"pokeball": {
					"scale": {
						"0.4583": {
							"pre": [0, 0, 0],
							"post": [0.3, 0.3, 0.3]
						},
						"0.5417": {
							"pre": [0.3, 0.3, 0.3],
							"post": [0.3, 0.3, 0.3]
						},
						"0.7083": [1, 1, 1]
					}
				},
				"leg_right": {
					"rotation": {
						"0.1667": [0, 0, 0],
						"0.3333": [-1, 0, 0],
						"0.875": [-5, 0, 0],
						"0.9583": [-5, 0, 0]
					},
					"position": {
						"0.1667": [0, 0, 0],
						"0.3333": {
							"pre": [0, 0, 0.2],
							"post": [0, 0, 0.2],
							"lerp_mode": "catmullrom"
						},
						"0.5": {
							"post": [0, 0, 0.25],
							"lerp_mode": "catmullrom"
						},
						"0.875": [0, 0, -2.3],
						"0.9583": [0, 0, -2.2]
					}
				},
				"leg_left": {
					"rotation": {
						"0.1667": [0, 0, 0],
						"0.3333": [-1, 0, 0],
						"0.5417": [-1, 0, 0],
						"0.875": [8, 0, 0],
						"0.9583": [7.5, 0, 0]
					},
					"position": {
						"0.1667": [0, 0, 0],
						"0.3333": [0, 0, 0.2],
						"0.5417": [0, 0, 0.2],
						"0.875": [0, 0, -1.5],
						"0.9583": [0, 0, -1.4]
					}
				}
			}
		},
		"animation.gardenia.lose": {
			"animation_length": 3,
			"bones": {
				"torso": {
					"rotation": {
						"0.0": [1, 0, 0],
						"0.5": [-2, 0, 0],
						"1.25": [1, -15, 0]
					}
				},
				"head": {
					"rotation": {
						"0.0": [-1, 0, 0],
						"0.2083": {
							"pre": [-1, 7.5, 0],
							"post": [-1, 7.5, 0],
							"lerp_mode": "catmullrom"
						},
						"0.5": {
							"post": [-1, -11.25, 0],
							"lerp_mode": "catmullrom"
						},
						"0.7917": {
							"post": [-1, 0, 0],
							"lerp_mode": "catmullrom"
						},
						"1.25": [19, -17.5, 0]
					}
				},
				"arm_left": {
					"rotation": {
						"0.0": [3, 0, -3.5],
						"0.5": {
							"pre": [-4.5, 0, -6],
							"post": [-4.5, 0, -6],
							"lerp_mode": "catmullrom"
						},
						"0.9167": {
							"post": [-78.11, -7.5, -21.83],
							"lerp_mode": "catmullrom"
						},
						"1.2083": [-137, 0, -21]
					},
					"position": {
						"0.0": [0, 0.1, 0],
						"0.5": [0, 0.1, 0],
						"1.2083": [0, -2.9, 0]
					}
				},
				"pokeball": {
					"scale": 0
				},
				"leg_right": {
					"rotation": {
						"0.0": [0, 8, 0.5],
						"0.5": [0, 10.5, 0.5],
						"1.25": [2.5, 0.5, 0.5]
					},
					"position": {
						"0.0": [-0.2, 0, 0],
						"0.5": [-0.2, 0, 0],
						"1.25": [-0.4, 0, -0.3]
					}
				},
				"leg_left": {
					"rotation": {
						"0.0": [0, -8, -0.5],
						"0.5": [0, -10.5, -0.5],
						"1.25": [0, -33, -0.5]
					},
					"position": {
						"0.0": [0.2, 0, 0],
						"0.5": [0.2, 0, 0],
						"1.25": [0.2, 0, 1]
					}
				},
				"arm_right": {
					"rotation": {
						"0.0": [3, 0, 3.5],
						"0.5": {
							"pre": [-2, 0, 6],
							"post": [-2, 0, 6],
							"lerp_mode": "catmullrom"
						},
						"0.8333": {
							"post": [-7.28, 0, 16.94],
							"lerp_mode": "catmullrom"
						},
						"1.25": [3, 0, 2.5]
					},
					"position": {
						"0.0": [0, 0.1, 0],
						"0.5": [0, 0.1, 0]
					}
				},
				"mouth": {
					"position": {
						"0.0": [0, 0, 0],
						"0.0417": [0, 0, -0.1],
						"0.7083": [0, 0, -0.1],
						"0.75": [0, 0, 0]
					}
				},
				"eyelid_right": {
					"position": {
						"0.9583": [0, 0, 0],
						"1.0": [0, 0, -0.1]
					}
				},
				"eyelid_left": {
					"position": {
						"0.9583": [0, 0, 0],
						"1.0": [0, 0, -0.1]
					}
				}
			}
		},
		"animation.gardenia.win": {
			"animation_length": 1.8,
			"bones": {
				"body": {
					"position": {
						"0.0": [0, 0, 0],
						"1.7": [0, 0, 0]
					}
				},
				"torso": {
					"rotation": {
						"0.0": [1, 0, 0],
						"0.1": {
							"pre": [1, 3, 0],
							"post": [1, 3, 0],
							"lerp_mode": "catmullrom"
						},
						"0.3": {
							"post": [1, 12, 0],
							"lerp_mode": "catmullrom"
						},
						"0.5": {
							"post": [1, 18, 0],
							"lerp_mode": "catmullrom"
						},
						"0.7": {
							"post": [1, 20, 0],
							"lerp_mode": "catmullrom"
						},
						"1.1": {
							"post": [1, 20, 0],
							"lerp_mode": "catmullrom"
						},
						"1.7": {
							"post": [1, 0, 0],
							"lerp_mode": "catmullrom"
						}
					},
					"position": {
						"0.0": [0, 0, 0],
						"0.1": {
							"pre": [0, 0, 0],
							"post": [0, 0, 0],
							"lerp_mode": "catmullrom"
						},
						"0.7": [0, 0, 1],
						"1.1": [0, 0, 1],
						"1.7": {
							"pre": [0, 0, 0],
							"post": [0, 0, 0],
							"lerp_mode": "catmullrom"
						}
					}
				},
				"head": {
					"rotation": {
						"0.0": [-1, 0, 0],
						"0.3": {
							"pre": [-1, -3, 0],
							"post": [-1, -3, 0],
							"lerp_mode": "catmullrom"
						},
						"0.6": {
							"post": [-11, -12, 0],
							"lerp_mode": "catmullrom"
						},
						"0.8": {
							"post": [4, -18, 0],
							"lerp_mode": "catmullrom"
						},
						"1.0": {
							"post": [-1, -20, 0],
							"lerp_mode": "catmullrom"
						},
						"1.2": {
							"post": [-1, -20, 0],
							"lerp_mode": "catmullrom"
						},
						"1.7": [-1, 0, 0]
					}
				},
				"arm_left": {
					"rotation": {
						"0.0": {
							"post": [3, 0, -3.5],
							"lerp_mode": "catmullrom"
						},
						"0.6": [-160, -8, 6],
						"0.8": [-160, -8, 6],
						"1.0": {
							"pre": [-160, -8, 6],
							"post": [-160, -8, 6],
							"lerp_mode": "catmullrom"
						},
						"1.2": {
							"post": [-137, -8, 6],
							"lerp_mode": "catmullrom"
						},
						"1.7": [3, 0, -3.5]
					},
					"position": {
						"0.0": [0, 0.1, 0],
						"1.7": [0, 0.1, 0]
					}
				},
				"pokeball": {
					"scale": 0
				},
				"leg_right": {
					"rotation": {
						"0.0": [0, 8, 0.5],
						"0.2": [0, 16, 0.5],
						"0.3": {
							"pre": [0, 28.5, 0.5],
							"post": [0, 28.5, 0.5],
							"lerp_mode": "catmullrom"
						},
						"0.6": {
							"post": [0, 33, 0.5],
							"lerp_mode": "catmullrom"
						},
						"1.1": {
							"post": [0, 33, 0.5],
							"lerp_mode": "catmullrom"
						},
						"1.4": {
							"post": [0, 27, 0.5],
							"lerp_mode": "catmullrom"
						},
						"1.7": {
							"post": [0, 8, 0.5],
							"lerp_mode": "catmullrom"
						}
					},
					"position": {
						"0.0": [-0.2, 0, 0],
						"0.2": [-0.2, 0.2, 0.33],
						"0.4": {
							"pre": [-0.2, 0.6, 0.66],
							"post": [-0.2, 0.6, 0.66],
							"lerp_mode": "catmullrom"
						},
						"0.6": [-0.2, 0, 1],
						"1.1": [-0.2, 0, 1],
						"1.4": {
							"pre": [-0.2, 0.15, 0.5],
							"post": [-0.2, 0.15, 0.5],
							"lerp_mode": "catmullrom"
						},
						"1.7": [-0.2, 0, 0]
					}
				},
				"leg_left": {
					"rotation": {
						"0.0": [0, 0, 0],
						"0.1": [0, 0, 0],
						"0.5": [-3.5, 0, 0],
						"1.0": [-3.5, 0, 0],
						"1.6": {
							"pre": [0, 0, 0],
							"post": [0, 0, 0],
							"lerp_mode": "catmullrom"
						},
						"1.7": [0, 0, 0]
					},
					"position": {
						"0.0": [0.2, 0, 0],
						"0.1": [0.2, 0, 0],
						"0.5": [0.2, 0, 0.4],
						"1.0": [0.2, 0, 0.4],
						"1.7": [0.2, 0, 0]
					}
				},
				"arm_right": {
					"rotation": {
						"0.0": [3, 0, 3.5],
						"0.3": {
							"pre": [-2.5, 0, 5],
							"post": [-2.5, 0, 5],
							"lerp_mode": "catmullrom"
						},
						"0.6": {
							"post": [9, 0, 8],
							"lerp_mode": "catmullrom"
						},
						"1.0": {
							"post": [10.5, 0, 8.5],
							"lerp_mode": "catmullrom"
						},
						"1.2": {
							"post": [10.5, 0, 8.5],
							"lerp_mode": "catmullrom"
						},
						"1.7": [3, 0, 3.5]
					},
					"position": {
						"0.0": [0, 0.1, 0],
						"1.7": [0, 0.1, 0]
					}
				},
				"eyelid_right": {
					"position": {
						"0.6": {
							"pre": [0, 0, 0],
							"post": [0, 0, 0],
							"lerp_mode": "catmullrom"
						},
						"0.7": {
							"post": [0, 0, -0.1],
							"lerp_mode": "catmullrom"
						},
						"0.9": {
							"post": [0, 0, -0.1],
							"lerp_mode": "catmullrom"
						},
						"1.0": {
							"post": [0, 0, 0],
							"lerp_mode": "catmullrom"
						},
						"1.2": {
							"post": [0, 0, 0],
							"lerp_mode": "catmullrom"
						}
					}
				},
				"eyelid_left": {
					"position": {
						"0.6": {
							"pre": [0, 0, 0],
							"post": [0, 0, 0],
							"lerp_mode": "catmullrom"
						},
						"0.7": {
							"post": [0, 0, -0.1],
							"lerp_mode": "catmullrom"
						},
						"0.9": {
							"post": [0, 0, -0.1],
							"lerp_mode": "catmullrom"
						},
						"1.0": {
							"post": [0, 0, 0],
							"lerp_mode": "catmullrom"
						},
						"1.2": {
							"post": [0, 0, 0],
							"lerp_mode": "catmullrom"
						}
					}
				},
				"arm_left_sheath": {
					"position": {
						"0.6": [0, 0, 0],
						"0.7": {
							"pre": [0, 2.25, 0],
							"post": [0, 2.25, 0],
							"lerp_mode": "catmullrom"
						},
						"0.9": {
							"post": [0, 2.25, 0],
							"lerp_mode": "catmullrom"
						},
						"1.4": {
							"post": [0, 0, 0],
							"lerp_mode": "catmullrom"
						}
					}
				}
			}
		},
		"animation.gardenia.command": {
			"animation_length": 2,
			"bones": {
				"body": {
					"position": {
						"0.0": [0, 0, 0],
						"0.4583": [0, 0, 0],
						"0.625": [0, 0, -0.4],
						"0.75": [0, 0, -0.4],
						"1.0417": [0, 0, 0]
					}
				},
				"torso": {
					"rotation": {
						"0.0": [1, 0, 0],
						"0.2917": [1, 3.8, 0],
						"0.4167": [1, 4, 0],
						"0.625": [1, -10, 0],
						"0.75": [1, -10, 0],
						"1.0417": [1, -2.5, 0],
						"1.625": [1, 0, 0]
					},
					"position": {
						"0.0": [0, 0, 0],
						"1.625": [0, 0, 0]
					}
				},
				"head": {
					"rotation": {
						"0.0": [-1, 0, 0],
						"0.2917": [-1, -3.8, 0],
						"0.4167": [-1, -4, 0],
						"0.625": [-1, 10, 0],
						"0.75": [-1, 10, 0],
						"1.0417": [-1, 2.5, 0],
						"1.625": [-1, 0, 0]
					},
					"position": {
						"0.4167": [0, 0, 0],
						"0.625": [0, 0, -0.2],
						"1.0417": [0, 0, 0]
					}
				},
				"arm_left": {
					"rotation": {
						"0.0": [3, 0, -3.5],
						"0.5417": [10.5, 0, -3.5],
						"1.0417": [10.5, 0, -3.5],
						"1.5833": [3, 0, -3.5]
					},
					"position": {
						"0.0": [0, 0.1, 0],
						"1.5833": [0, 0.1, 0]
					}
				},
				"leg_right": {
					"rotation": {
						"0.0": [0, 8, 0.5],
						"0.4583": [0, 8, 0.5],
						"0.625": [5, 9, 0.5],
						"0.75": [5, 9, 0.5],
						"1.0417": [0, 8, 0.5]
					},
					"position": {
						"0.0": [-0.2, 0, 0],
						"0.4583": [-0.2, 0, 0],
						"0.625": [-0.2, 0, -0.55],
						"0.75": [-0.2, 0, -0.55],
						"1.0417": [-0.2, 0, 0]
					}
				},
				"leg_left": {
					"rotation": {
						"0.0": [0, -8, -0.5],
						"0.4583": [0, -8, -0.5],
						"0.625": [2.5, -8, -0.5],
						"0.75": [2.5, -8, -0.5],
						"1.0417": [0, -8, -0.5]
					},
					"position": [0.2, 0, 0]
				},
				"arm_right": {
					"rotation": {
						"0.0": [3, 0, 3.5],
						"0.2083": [-66.86, 0, 1.27],
						"0.4167": [-95, 3, 0],
						"0.625": [-95, 10, 0],
						"0.75": [-95, 10, 0],
						"1.125": [-95, 0, 0],
						"1.25": [-71.77, 0, 0.95],
						"1.4167": [-12.19, 0, 2.86],
						"1.5": [-2.59, 0, 3.18],
						"1.5833": [3, 0, 3.5]
					},
					"position": {
						"0.0": [0, 0.1, 0],
						"0.4167": [0, 0.1, 1],
						"0.625": {
							"pre": [0, 0.1, -1],
							"post": [0, 0.1, -1],
							"lerp_mode": "catmullrom"
						},
						"0.75": {
							"post": [0, 0.1, -1],
							"lerp_mode": "catmullrom"
						},
						"1.2917": [0, 0.1, 0]
					}
				},
				"mouth": {
					"position": {
						"0.4167": [0, 0, 0],
						"0.4583": [0, 0, -0.1],
						"1.2917": [0, 0, -0.1],
						"1.3333": [0, 0, 0]
					}
				},
				"pokeball": {
					"scale": 0
				}
			}
		},
		"animation.gardenia.blink": {
			"animation_length": 0.1667,
			"bones": {
				"eyelid_right": {
					"position": {
						"0.0": [0, 0, -0.1],
						"0.125": [0, 0, -0.1],
						"0.1667": [0, 0, 0]
					}
				},
				"eyelid_left": {
					"position": {
						"0.0": [0, 0, -0.1],
						"0.125": [0, 0, -0.1],
						"0.1667": [0, 0, 0]
					}
				},
				"pokeball": {
					"scale": 0
				}
			}
		},
		"animation.gardenia.mega": {
			"animation_length": 4.5,
			"bones": {
				"body": {
					"rotation": [0, 27.5, 0]
				},
				"torso": {
					"rotation": {
						"0.0833": [0, 5, 0],
						"0.1667": {
							"pre": [0, 5, 0],
							"post": [0, 5, 0],
							"lerp_mode": "catmullrom"
						},
						"0.6667": {
							"post": [7.6, 15.8, 0.6],
							"lerp_mode": "catmullrom"
						},
						"0.875": [0, -15, 0],
						"2.0": [0, -15, 0],
						"2.2917": [-3.4, 4.5, -6.8]
					},
					"position": {
						"0.0833": [0, 0, 0.3],
						"0.375": [0, -0.2, 0.3],
						"0.6667": [0, -0.2, 0.3],
						"0.7917": [0, 0, 0.3],
						"2.0": [0, 0, 0.3],
						"2.1667": [0, -0.4, 0.3],
						"2.25": [0, 0, 0.3],
						"2.3333": [0, -0.1, 0.3]
					}
				},
				"head": {
					"rotation": {
						"0.1667": [0, -32.5, 0],
						"0.5": [10.8, -20.6, -3],
						"0.9167": [-3.5, -13.5, 0],
						"1.0": [-2.5, -12.5, 0],
						"2.0": [-2.5, -12.5, 0],
						"2.1667": [1, -21.8, 1],
						"2.3333": [-1, -32.1, 3.3]
					},
					"position": {
						"2.0": [0, 0, 0],
						"2.3333": [-0.6, 0.1, -0.2]
					}
				},
				"leg_right": {
					"rotation": {
						"0.0833": [0.8, 17.9, 2.6],
						"0.1667": [0.8, 17.9, 2.6],
						"0.5417": [-1.6, 31.4, 1.5],
						"0.7083": [-1.6, 31.4, 1.5],
						"0.875": [0.8, 16, 2.6],
						"0.9583": [0.8, 17.5, 2.6],
						"2.0833": [0.8, 17.5, 2.6],
						"2.2917": [2.3, 17.3, 7.8]
					},
					"position": {
						"0.0833": [-0.4, 0, 0.3],
						"0.5417": [-0.4, 0, 0.8],
						"0.7083": [-0.4, 0, 0.8],
						"0.875": [-0.4, 0, 0.3],
						"2.0": [-0.4, 0, 0.3],
						"2.0833": [-0.1, 0, 0.3],
						"2.2917": [-0.5, -0.2, 0.4],
						"2.375": [-0.4, -0.2, 0.4]
					}
				},
				"leg_left": {
					"rotation": {
						"0.0": [0.3, -17.5, -1],
						"0.1667": [0.3, -17.5, -1],
						"0.8333": [0.3, -20, -1],
						"0.9583": [0.3, -22.5, -1],
						"2.0": [0.3, -22.5, -1],
						"2.3333": [0.3, -22.5, -1]
					},
					"position": {
						"0.0": [0.1, 0, 0.3],
						"2.0": [0.1, 0, 0.3],
						"2.3333": [0.2, 0, 0.5]
					}
				},
				"arm_left": {
					"rotation": {
						"0.125": [-2, 0, -8],
						"0.2083": [5, 0, -8],
						"0.5": [-104.9, 67.3, 72.7],
						"0.625": [-108.9, 72.1, 68.5],
						"1.0": [-82.7, 60.4, 96.7],
						"2.0417": [-82.7, 60.4, 96.7],
						"2.3333": [-160.1, 66.5, 26.8]
					},
					"position": {
						"0.125": [0, 0, 0],
						"0.2083": {
							"pre": [0, 0, 0],
							"post": [0, 0, 0],
							"lerp_mode": "catmullrom"
						},
						"0.3333": {
							"post": [-1.01, -0.65, -1.64],
							"lerp_mode": "catmullrom"
						},
						"0.5": {
							"post": [1, -1, -0.4],
							"lerp_mode": "catmullrom"
						},
						"0.625": [1, -1.5, -0.4],
						"2.0417": [1, -1.5, -0.4],
						"2.125": {
							"pre": [1, -2.1, -0.3],
							"post": [1, -2.1, -0.3],
							"lerp_mode": "catmullrom"
						},
						"2.2083": {
							"post": [1, -2, -0.3],
							"lerp_mode": "catmullrom"
						},
						"2.3333": {
							"post": [1.1, 2.6, 0.2],
							"lerp_mode": "catmullrom"
						},
						"2.4167": [1.2, 2.3, 0.3]
					}
				},
				"arm_right": {
					"rotation": {
						"0.0833": [3, 20, 5],
						"0.1667": {
							"pre": [3, 20, 5],
							"post": [3, 20, 5],
							"lerp_mode": "catmullrom"
						},
						"0.2917": {
							"post": [-41, 24.9, -4.6],
							"lerp_mode": "catmullrom"
						},
						"0.4583": {
							"post": [-10.2, 41.2, 90],
							"lerp_mode": "catmullrom"
						},
						"0.7083": {
							"post": [-20.2, 41.2, 65.7],
							"lerp_mode": "catmullrom"
						},
						"0.9167": [-87.5, -61.1, -14.6],
						"1.0": [-87.6, -59.1, -14.5],
						"1.9583": [-87.6, -59.1, -14.5],
						"2.0417": [-75.4, -36.2, -9],
						"2.125": [-47.5, 5.4, 4.8],
						"2.2083": [-28.4, 25.4, 14.1],
						"2.3333": [-36.2, 21.4, 7.2]
					},
					"position": {
						"0.0833": [0, 0, 0.8],
						"0.1667": {
							"pre": [0, 0, 0.8],
							"post": [0, 0, 0.8],
							"lerp_mode": "catmullrom"
						},
						"0.4583": {
							"post": [-0.6, 0, 0],
							"lerp_mode": "catmullrom"
						},
						"0.7083": {
							"post": [-0.6, 0, 0],
							"lerp_mode": "catmullrom"
						},
						"0.9167": [1.4, 0, -0.3],
						"1.9583": [1.4, 0, -0.3],
						"2.1667": [0, -0.9, 1],
						"2.3333": [0, -0.6, 1]
					}
				},
				"eyelid_right": {
					"position": {
						"0.3333": [0, 0, 0],
						"0.375": [0, 0, -0.1],
						"0.7083": [0, 0, -0.1],
						"0.75": [0, 0, 0]
					}
				},
				"eyelid_left": {
					"position": {
						"0.3333": [0, 0, 0],
						"0.375": [0, 0, -0.1],
						"0.7083": [0, 0, -0.1],
						"0.75": [0, 0, 0]
					}
				},
				"pokeball": {
					"scale": 0
				}
			}
		},
		"animation.gardenia.return": {
			"animation_length": 3.625,
			"bones": {
				"torso": {
					"rotation": {
						"0.0": [1, 0, 0],
						"0.9375": [1, 0, 0],
						"1.375": [1, -7.5, 0],
						"2.875": [1, -7.5, 0],
						"3.375": [1, 0, 0],
						"3.625": [1, 0, 0]
					}
				},
				"head": {
					"rotation": {
						"0.0": [-1, 0, 0],
						"0.9375": [-1, 0, 0],
						"1.375": [-1, 7.5, 0],
						"2.875": [-1, 7.5, 0],
						"3.375": [-1, 0, 0],
						"3.625": [-1, 0, 0]
					}
				},
				"arm_ball": {
					"rotation": {
						"0.0": [3, 0, 3.5],
						"0.5": [3, 0, 3.5],
						"0.9375": {
							"pre": [14.5, 2.5, -17.5],
							"post": [14.5, 2.5, -17.5],
							"lerp_mode": "catmullrom"
						},
						"1.125": {
							"post": [5, 2.5, -0.5],
							"lerp_mode": "catmullrom"
						},
						"1.375": [-91, 7.5, 0],
						"2.875": [-91, 7.5, 0],
						"3.1875": {
							"pre": [5, 2.5, -0.5],
							"post": [5, 2.5, -0.5],
							"lerp_mode": "catmullrom"
						},
						"3.375": {
							"post": [14.5, 2.5, -17.5],
							"lerp_mode": "catmullrom"
						},
						"3.625": [3, 0, 3.5]
					},
					"position": {
						"0.0": [0, 0.1, 0],
						"3.625": [0, 0.1, 0]
					}
				},
				"arm_left": {
					"rotation": {
						"0.0": [3, 0, -3.5],
						"0.9375": [3, 0, -3.5],
						"1.375": [13, 0, -6],
						"2.875": [13, 0, -6],
						"3.375": [3, 0, -3.5]
					},
					"position": [0, 0.1, 0]
				},
				"pokeball": {
					"scale": {
						"0.9375": {
							"pre": [0, 0, 0],
							"post": [0.3, 0.3, 0.3]
						},
						"1.0": [0.3, 0.3, 0.3],
						"1.1875": [1, 1, 1],
						"3.0625": [1, 1, 1],
						"3.25": [0.4, 0.4, 0.4],
						"3.375": {
							"pre": [0.4, 0.4, 0.4],
							"post": [0, 0, 0]
						}
					}
				},
				"leg_right": {
					"rotation": {
						"0.9375": [0, 8, 0.5],
						"1.375": [1, 10, 0.5],
						"2.875": [1, 10, 0.5],
						"3.375": [0, 8, 0.5]
					},
					"position": {
						"0.9375": [-0.2, 0, 0],
						"1.375": [-0.2, 0, -0.2],
						"2.875": [-0.2, 0, -0.2],
						"3.375": [-0.2, 0, 0]
					}
				},
				"leg_left": {
					"rotation": {
						"0.9375": [0, -8, -0.5],
						"1.375": [0, -10, -0.5],
						"2.875": [0, -10, -0.5],
						"3.375": [0, -8, -0.5]
					},
					"position": [0.2, 0, 0]
				}
			},
			"timeline": {
				"1.0": "q.render_item(v.actioning_pokemon_ball, 'item_right');",
				"3.3125": "q.clear_items();"
			}
		},
		"animation.gardenia.send_out": {
			"animation_length": 2.875,
			"bones": {
				"torso_crouch": {
					"rotation": {
						"0.9167": [0, 0, 0],
						"1.4167": {
							"pre": [0, 10, 0],
							"post": [0, 10, 0],
							"lerp_mode": "catmullrom"
						},
						"1.5417": {
							"post": [0, -10, 0],
							"lerp_mode": "catmullrom"
						},
						"1.7917": [0, 0, 0]
					}
				},
				"arms": {
					"rotation": {
						"0.9167": [0, 0, 0],
						"1.4167": {
							"pre": [0, 10, 0],
							"post": [0, 10, 0],
							"lerp_mode": "catmullrom"
						},
						"1.5417": {
							"post": [0, -10, 0],
							"lerp_mode": "catmullrom"
						},
						"1.7917": [0, 0, 0]
					}
				},
				"torso_item_right": {
					"rotation": [0.5, 0, 0]
				},
				"arms_item_right": {
					"rotation": {
						"0.9167": [0, 0, 0],
						"1.4167": {
							"pre": [0, 10, 0],
							"post": [0, 10, 0],
							"lerp_mode": "catmullrom"
						},
						"1.5417": {
							"post": [0, -10, 0],
							"lerp_mode": "catmullrom"
						},
						"1.7917": [0, 0, 0]
					}
				},
				"arm_item_right": {
					"rotation": {
						"0.9167": [1, 0, 2.5],
						"1.4167": {
							"pre": [-85, 10, -10],
							"post": [-85, 10, -10],
							"lerp_mode": "catmullrom"
						},
						"1.5417": {
							"post": [-72.5, -30, 0],
							"lerp_mode": "catmullrom"
						},
						"1.7917": [1, 0, 2.5]
					},
					"position": [0, 0.1, 0]
				},
				"torso_item_left": {
					"rotation": [0.5, 0, 0]
				},
				"arms_item_left": {
					"rotation": {
						"0.9167": [0, 0, 0],
						"1.4167": {
							"pre": [0, 10, 0],
							"post": [0, 10, 0],
							"lerp_mode": "catmullrom"
						},
						"1.5417": {
							"post": [0, -10, 0],
							"lerp_mode": "catmullrom"
						},
						"1.7917": [0, 0, 0]
					}
				},
				"arm_item_left": {
					"rotation": {
						"0.9167": [1, 0, -2.5],
						"1.4167": {
							"pre": [4, 0, 0],
							"post": [4, 0, 0],
							"lerp_mode": "catmullrom"
						},
						"1.5417": {
							"post": [-8, 0, 0],
							"lerp_mode": "catmullrom"
						},
						"1.7917": [1, 0, -2.5]
					},
					"position": [0, 0.1, 0]
				},
				"torso": {
					"rotation": [0.5, 0, 0]
				},
				"head": {
					"rotation": [-0.5, 0, 0]
				},
				"arm_right": {
					"rotation": {
						"0.9167": [1, 0, 2.5],
						"1.4167": {
							"pre": [-85, 10, -10],
							"post": [-85, 10, -10],
							"lerp_mode": "catmullrom"
						},
						"1.5417": {
							"post": [-72.5, -30, 0],
							"lerp_mode": "catmullrom"
						},
						"1.7917": [1, 0, 2.5]
					},
					"position": [0, 0.1, 0]
				},
				"arm_left": {
					"rotation": {
						"0.9167": [1, 0, -2.5],
						"1.4167": {
							"pre": [4, 0, 0],
							"post": [4, 0, 0],
							"lerp_mode": "catmullrom"
						},
						"1.5417": {
							"post": [-8, 0, 0],
							"lerp_mode": "catmullrom"
						},
						"1.7917": [1, 0, -2.5]
					},
					"position": [0, 0.1, 0]
				},
				"leg_right": {
					"rotation": [0, 2, 0.5],
					"position": [-0.05, 0, 0]
				},
				"leg_left": {
					"rotation": [0, -2, -0.5],
					"position": [0.05, 0, 0]
				}
			},
			"timeline": {
				"0.0": "q.render_item(v.actioning_pokemon_ball, 'item_right');",
				"1.5833": "q.render_item('air', 'item_right');"
			}
		}
	},
	"geometry.animations": {
		"texturewidth": 64,
		"textureheight": 64
	},
	"geometry.unknown": {
		"texturewidth": 16,
		"textureheight": 16
	}
}