{
	"format_version": "1.8.0",
	"animations": {
		"animation.npc_pokeball.open": {
			"loop": "hold_on_last_frame",
			"animation_length": 1.375,
			"bones": {
				"pokeball_lid": {
					"rotation": {
						"0.0": [0, 0, 0],
						"0.1667": {
							"pre": [5, 0, 0],
							"post": [5, 0, 0],
							"lerp_mode": "catmullrom"
						},
						"0.2917": {
							"post": [10, 0, 0],
							"lerp_mode": "catmullrom"
						},
						"0.4583": [5, 0, 0],
						"0.6667": [-37.5, 0, 0],
						"0.8333": {
							"pre": [-75, 0, 0],
							"post": [-75, 0, 0],
							"lerp_mode": "catmullrom"
						},
						"1.0417": {
							"post": [-90, 0, 0],
							"lerp_mode": "catmullrom"
						},
						"1.375": [-75, 0, 0]
					},
					"position": {
						"0.0": [0, 0, 0],
						"0.0833": [0, 0, -0.1],
						"0.2083": [0, 0, -0.15],
						"0.4167": [0, 0, -0.1],
						"0.5833": [0, 0, 0]
					}
				}
			}
		},
		"animation.npc_pokeball.idle": {
			"loop": true
		},
		"animation.poke_ball.idle": {
			"loop": true,
			"bones": {
				"bottom": {
					"rotation": ["math.sin(q.anim_time*90*0.5)*0.4", 0, "math.cos(q.anim_time*90*0.5)*0.2"]
				},
				"lid": {
					"rotation": [0, 0, 0]
				}
			}
		},
		"animation.poke_ball.open": {
			"loop": "hold_on_last_frame",
			"animation_length": 0.5,
			"bones": {
				"bottom": {
					"rotation": {
						"0.0": [0, 0, 0],
						"0.0833": [-10, 0, 0],
						"0.1667": [20, 0, 0],
						"0.2083": [15, 0, 0],
						"0.4167": [-10, 0, 0]
					}
				},
				"lid": {
					"rotation": {
						"0.0": [0, 0, 0],
						"0.0833": [5, 0, 0],
						"0.1667": [-100, 0, 0],
						"0.2083": [-105, 0, 0],
						"0.4167": [-70, 0, 0]
					}
				},
				"ball": {
					"rotation": {
						"0.0": [0, 0, 0],
						"0.0833": [15, 0, 0],
						"0.1667": [-10, 0, 0],
						"0.3333": [22.5, 0, 0]
					},
					"position": {
						"0.0833": [0, 0, 0],
						"0.125": [0, -0.1, 0],
						"0.1667": [0, 0.1, 0],
						"0.2083": [0, 0, 0]
					}
				}
			}
		}
	}
}